<?xml version="1.0"?>
<block>
  <name>new_qpsk_demod_cb</name>
  <key>Research_new_qpsk_demod_cb</key>
  <category>Research</category>
  <import>import Research</import>
  <make>Research.new_qpsk_demod_cb($gray_code)</make>
  <!-- Make one 'param' node for every Parameter you want settable from the GUI.
       Sub-nodes:
       * name
       * key (makes the value accessible as $keyname, e.g. in the make node)
       * type -->
  <param>
    <name>Gray Code</name>
    <key>gray_code</key>
    <value>True</value>
    <type>bool</type>
    <option>
      <name>Yes</name>
      <key>True</key>
    </option>
    <option>
      <name>No</name>
      <key>False</key>
    </option>
  </param>

  <!-- Make one 'sink' node per input. Sub-nodes:
       * name (an identifier for the GUI)
       * type
       * vlen
       * optional (set to 1 for optional inputs) -->
  <sink>
    <name>in</name>
    <type>complex</type>
  </sink>

  <!-- Make one 'source' node per output. Sub-nodes:
       * name (an identifier for the GUI)
       * type
       * vlen
       * optional (set to 1 for optional inputs) -->
  <source>
    <name>out</name>
    <type>byte</type>
  </source>
</block>
