<?xml version="1.0"?>
<block>
  <name>QPSK Pre Filter Stuff</name>
  <key>kiwi_matched_filter</key>
  <category>kiwi</category>
  <import>import kiwi</import>
  <make>kiwi.matched_filter($upsample)</make>
  <!-- Make one 'param' node for every Parameter you want settable from the GUI.
       Sub-nodes:
       * name
       * key (makes the value accessible as $keyname, e.g. in the make node)
       * type -->
  <param>
    <name>Upsample</name>
    <key>upsample</key>
    <value>1</value>
    <type>int</type>
  </param>

  <!-- Make one 'sink' node per input. Sub-nodes:
       * name (an identifier for the GUI)
       * type
       * vlen
       * optional (set to 1 for optional inputs) -->
  <sink>
    <name>in</name>
    <type>float</type>
  </sink>

  <!-- Make one 'source' node per output. Sub-nodes:
       * name (an identifier for the GUI)
       * type
       * vlen
       * optional (set to 1 for optional inputs) -->
  <source>
    <name>out</name>
    <type>complex</type>
  </source>
</block>
