<?xml version="1.0"?>
<block>
  <name>Custom PN Correlator</name>
  <key>lime_pn_correlator</key>
  <category>lime</category>
  <import>import lime</import>
  <make>lime.pn_correlator($bits,$polynomial)</make>
  <!-- Make one 'param' node for every Parameter you want settable from the GUI.
       Sub-nodes:
       * name
       * key (makes the value accessible as $keyname, e.g. in the make node)
       * type -->
  <param>
    <name>LFSR Bits</name>
    <key>bits</key>
    <type>int</type>
  </param>

  <param>
    <name>Polynomial Config</name>
    <key>polynomial</key>
    <type>int</type>
  </param>

  <!-- Make one 'sink' node per input. Sub-nodes:
       * name (an identifier for the GUI)
       * type
       * vlen
       * optional (set to 1 for optional inputs) -->
  <sink>
    <name>in</name>
    <type>float</type>
  </sink>

  <!-- Make one 'source' node per output. Sub-nodes:
       * name (an identifier for the GUI)
       * type
       * vlen
       * optional (set to 1 for optional inputs) -->
  <source>
    <name>out</name>
    <type>float</type>
  </source>
</block>
